name,league,rank,prev_rank,off,def,spi
bayern munich,german bundesliga,1.000,1.000,3.300,0.500,91.500
real madrid,spanish primera division,2.000,2.000,3.500,0.700,90.900
manchester city,barclays premier league,3.000,3.000,2.900,0.500,90.000
barcelona,spanish primera division,4.000,4.000,3.200,0.600,89.400
liverpool,barclays premier league,5.000,5.000,2.900,0.600,87.800
paris saint-germain,french ligue 1,6.000,6.000,2.800,0.600,85.700
juventus,italy serie a,7.000,7.000,2.400,0.500,84.600
atletico madrid,spanish primera division,8.000,8.000,2.100,0.400,82.500
tottenham hotspur,barclays premier league,9.000,9.000,2.500,0.700,82.500
as roma,italy serie a,10.000,10.000,2.300,0.600,80.800
napoli,italy serie a,11.000,11.000,2.300,0.600,80.800
arsenal,barclays premier league,12.000,12.000,2.800,0.900,80.500
chelsea,barclays premier league,13.000,13.000,2.300,0.700,78.500
internazionale,italy serie a,14.000,14.000,2.200,0.700,78.300
borussia dortmund,german bundesliga,15.000,15.000,2.400,0.800,78.000
lazio,italy serie a,16.000,16.000,2.500,0.900,78.000
fc porto,portuguese liga,17.000,17.000,2.200,0.700,77.800
manchester united,barclays premier league,18.000,18.000,2.100,0.600,77.600
atalanta,italy serie a,19.000,19.000,2.100,0.700,76.900
bayer leverkusen,german bundesliga,20.000,20.000,2.300,0.800,76.900
lyon,french ligue 1,21.000,21.000,2.300,0.800,76.700
real sociedad,spanish primera division,22.000,22.000,2.200,0.800,76.500
valencia,spanish primera division,23.000,23.000,2.000,0.600,76.200
tsg hoffenheim,german bundesliga,24.000,24.000,2.400,0.900,76.100
sevilla fc,spanish primera division,25.000,26.000,2.200,0.800,75.500
cska moscow,russian premier liga,26.000,27.000,2.000,0.700,75.400
schalke 04,german bundesliga,27.000,28.000,2.000,0.700,75.300
benfica,portuguese liga,28.000,29.000,2.000,0.700,74.600
marseille,french ligue 1,29.000,30.000,2.200,0.900,74.200
eibar,spanish primera division,30.000,31.000,1.800,0.600,73.800
shakhtar donetsk,uefa champions league,31.000,32.000,2.200,0.800,73.600
getafe,spanish primera division,32.000,33.000,1.700,0.500,73.100
villarreal,spanish primera division,33.000,34.000,2.100,0.800,72.400
rb leipzig,german bundesliga,34.000,35.000,2.300,1.000,72.200
espanyol,spanish primera division,35.000,36.000,1.800,0.600,72.000
ac milan,italy serie a,36.000,37.000,1.900,0.800,71.900
real betis,spanish primera division,37.000,38.000,2.000,0.800,71.800
besiktas,turkish turkcell super lig,38.000,39.000,2.100,0.900,71.600
fenerbahce,turkish turkcell super lig,39.000,40.000,2.200,1.000,71.400
as monaco,french ligue 1,40.000,41.000,2.100,0.900,71.200
eintracht frankfurt,german bundesliga,41.000,42.000,1.900,0.800,70.200
fc salzburg,austrian t-mobile bundesliga,42.000,25.000,2.100,1.000,70.100
galatasaray,turkish turkcell super lig,43.000,43.000,2.000,0.900,70.000
vfb stuttgart,german bundesliga,44.000,44.000,1.800,0.800,70.000
werder bremen,german bundesliga,45.000,45.000,1.900,0.800,69.700
celta vigo,spanish primera division,46.000,46.000,2.100,1.000,69.500
athletic bilbao,spanish primera division,47.000,47.000,1.900,0.800,69.300
borussia monchengladbach,german bundesliga,48.000,48.000,2.100,1.000,69.200
fiorentina,italy serie a,49.000,49.000,1.900,0.900,68.500
zenit st petersburg,russian premier liga,50.000,50.000,1.700,0.700,68.400
alavs,spanish primera division,51.000,51.000,1.700,0.800,68.200
fc krasnodar,russian premier liga,52.000,52.000,1.800,0.800,68.100
ajax,dutch eredivisie,53.000,53.000,2.300,1.200,68.000
spartak moscow,russian premier liga,54.000,54.000,1.900,0.900,67.800
girona fc,spanish primera division,55.000,55.000,1.900,0.900,67.300
dynamo kiev,uefa europa league,56.000,56.000,1.900,0.900,67.300
crystal palace,barclays premier league,57.000,57.000,1.900,0.900,67.200
sporting cp,portuguese liga,58.000,58.000,1.800,0.900,66.800
braga,portuguese liga,59.000,59.000,1.900,0.900,66.300
basel,swiss raiffeisen super league,60.000,60.000,2.100,1.200,66.100
leganes,spanish primera division,61.000,61.000,1.600,0.800,65.900
torino,italy serie a,62.000,62.000,1.800,0.900,65.500
bordeaux,french ligue 1,63.000,63.000,1.700,0.900,65.500
psv,dutch eredivisie,64.000,64.000,2.400,1.400,65.300
fc augsburg,german bundesliga,65.000,65.000,1.800,0.900,65.100
lokomotiv moscow,russian premier liga,66.000,66.000,1.500,0.700,64.700
levante,spanish primera division,67.000,67.000,1.900,1.000,64.700
hertha berlin,german bundesliga,68.000,68.000,1.800,0.900,64.300
leicester city,barclays premier league,69.000,69.000,1.900,1.000,64.300
mainz,german bundesliga,70.000,70.000,1.700,0.900,63.900
nice,french ligue 1,71.000,71.000,1.700,0.900,63.900
young boys,swiss raiffeisen super league,72.000,72.000,2.100,1.300,63.900
hannover 96,german bundesliga,73.000,73.000,1.900,1.100,63.100
istanbul basaksehir,turkish turkcell super lig,74.000,74.000,1.700,1.000,63.000
feyenoord,dutch eredivisie,75.000,75.000,2.200,1.400,62.800
deportivo la corua,spanish primera division,76.000,76.000,1.800,1.100,62.800
stade rennes,french ligue 1,77.000,77.000,1.500,0.800,62.700
newcastle,barclays premier league,78.000,78.000,1.600,0.900,62.000
st etienne,french ligue 1,79.000,79.000,1.700,0.900,62.000
hamburg sv,german bundesliga,80.000,80.000,1.700,1.000,61.900
az,dutch eredivisie,81.000,81.000,2.100,1.400,61.500
boca juniors,argentina primera division,82.000,82.000,1.700,1.000,61.400
montpellier,french ligue 1,83.000,83.000,1.400,0.800,60.400
olympiacos,uefa champions league,84.000,84.000,1.600,1.000,60.400
southampton,barclays premier league,85.000,85.000,1.600,0.900,60.300
rubin kazan,russian premier liga,86.000,86.000,1.300,0.700,60.200
everton,barclays premier league,87.000,87.000,1.700,1.000,60.000
fc ufa,russian premier liga,88.000,88.000,1.300,0.700,60.000
anderlecht,uefa champions league,89.000,89.000,1.700,1.100,59.800
viktoria plzen,uefa europa league,90.000,90.000,1.800,1.100,59.800
sc freiburg,german bundesliga,91.000,91.000,1.600,1.000,59.500
reims,french ligue 2,92.000,92.000,1.500,0.900,59.500
river plate,argentina primera division,93.000,94.000,1.600,1.000,59.100
genoa,italy serie a,94.000,95.000,1.500,0.900,59.100
vfl wolfsburg,german bundesliga,95.000,97.000,1.600,1.000,58.800
watford,barclays premier league,96.000,98.000,1.600,1.000,58.700
burnley,barclays premier league,97.000,99.000,1.500,0.900,58.600
rapid vienna,austrian t-mobile bundesliga,98.000,96.000,1.800,1.300,58.400
sampdoria,italy serie a,99.000,100.000,1.700,1.200,57.900
red star belgrade,uefa europa league,100.000,101.000,1.900,1.300,57.900
sassuolo,italy serie a,101.000,102.000,1.500,1.000,57.800
fc cologne,german bundesliga,102.000,103.000,1.900,1.400,57.800
nantes,french ligue 1,103.000,104.000,1.400,0.900,57.700
slavia prague,uefa europa league,104.000,105.000,1.600,1.000,57.700
grmio,brasileiro srie a,105.000,106.000,1.400,0.900,57.500
flamengo,brasileiro srie a,106.000,110.000,1.500,1.000,57.300
afc bournemouth,barclays premier league,107.000,107.000,1.800,1.200,57.300
angers,french ligue 1,108.000,108.000,1.400,0.900,57.200
west ham united,barclays premier league,109.000,109.000,1.700,1.200,57.100
palmeiras,brasileiro srie a,110.000,93.000,1.500,1.000,56.900
mlaga,spanish primera division,111.000,111.000,1.500,1.000,56.900
godoy cruz,argentina primera division,112.000,112.000,1.400,1.000,56.700
racing club,argentina primera division,113.000,113.000,1.600,1.100,56.400
guingamp,french ligue 1,114.000,116.000,1.600,1.200,56.200
udinese,italy serie a,115.000,117.000,1.500,1.100,56.200
aik,swedish allsvenskan,116.000,114.000,1.500,1.000,55.500
dinamo moscow,russian premier liga,117.000,119.000,1.300,0.900,55.300
fc copenhagen,uefa europa league,118.000,120.000,1.500,1.100,55.300
terek grozny,russian premier liga,119.000,121.000,1.300,0.900,55.300
toulouse,french ligue 1,120.000,122.000,1.400,1.000,55.200
dijon fco,french ligue 1,121.000,124.000,1.600,1.200,54.900
atletico mineiro,brasileiro srie a,122.000,118.000,1.600,1.200,54.800
west bromwich albion,barclays premier league,123.000,125.000,1.400,1.000,54.700
sk sturm graz,austrian t-mobile bundesliga,124.000,123.000,1.800,1.400,54.500
rostov,russian premier liga,125.000,127.000,1.200,0.800,54.500
brighton and hove albion,barclays premier league,126.000,128.000,1.400,1.000,54.400
sporting gijn,spanish segunda division,127.000,126.000,1.400,1.100,54.300
rosenborg,norwegian tippeligaen,128.000,115.000,1.500,1.100,54.100
internacional,brasileiro srie a,129.000,148.000,1.300,0.900,54.100
celtic,scottish premiership,130.000,130.000,1.500,1.200,53.900
empoli,italy serie b,131.000,131.000,1.700,1.300,53.700
so paulo,brasileiro srie a,132.000,142.000,1.400,1.100,53.600
cruzeiro,brasileiro srie a,133.000,141.000,1.300,0.900,53.500
bologna,italy serie a,134.000,132.000,1.400,1.000,53.400
fulham,english league championship,135.000,136.000,1.400,1.100,53.300
aek athens,uefa europa league,136.000,133.000,1.300,0.900,53.300
crotone,italy serie a,137.000,134.000,1.500,1.200,53.000
corinthians,brasileiro srie a,138.000,129.000,1.300,1.000,52.900
las palmas,spanish primera division,139.000,135.000,1.500,1.200,52.900
monterrey,mexican primera division torneo apertura,140.000,137.000,1.600,1.200,52.800
defensa y justicia,argentina primera division,141.000,138.000,1.300,1.000,52.700
chievo verona,italy serie a,142.000,140.000,1.400,1.100,52.300
apoel nicosia,uefa champions league,143.000,143.000,1.500,1.200,52.100
fk partizan belgrade,uefa europa league,144.000,144.000,1.700,1.400,52.100
stoke city,barclays premier league,145.000,145.000,1.400,1.200,52.000
trabzonspor,turkish turkcell super lig,146.000,146.000,1.700,1.400,51.900
cagliari,italy serie a,147.000,147.000,1.400,1.100,51.800
strasbourg,french ligue 1,148.000,149.000,1.500,1.200,51.800
rijeka,uefa europa league,149.000,150.000,1.400,1.100,51.700
nimes,french ligue 2,150.000,151.000,1.500,1.200,51.500
fc astana,uefa europa league,151.000,152.000,1.600,1.300,51.300
wolverhampton,english league championship,152.000,153.000,1.300,1.100,51.300
spal,italy serie a,153.000,154.000,1.300,1.100,51.300
ca independiente,argentina primera division,154.000,155.000,1.200,0.900,51.200
ural sverdlovsk oblast,russian premier liga,155.000,156.000,1.200,1.000,51.200
fc arsenal tula,russian premier liga,156.000,157.000,1.500,1.300,50.700
vitesse,dutch eredivisie,157.000,158.000,1.800,1.600,50.600
tigres uanl,mexican primera division torneo apertura,158.000,159.000,1.300,1.100,50.600
osasuna,spanish segunda division,159.000,160.000,1.100,0.800,50.500
steaua bucuresti,uefa europa league,160.000,162.000,1.300,1.100,50.400
ludogorets,uefa europa league,161.000,163.000,1.400,1.200,50.300
sd huesca,spanish segunda division,162.000,139.000,1.300,1.100,50.300
lille,french ligue 1,163.000,164.000,1.500,1.300,50.300
real zaragoza,spanish segunda division,164.000,169.000,1.400,1.200,50.300
talleres de crdoba,argentina primera division,165.000,166.000,1.200,1.000,50.100
kasimpasa,turkish turkcell super lig,166.000,167.000,1.700,1.500,49.900
union santa fe,argentina primera division,167.000,168.000,1.200,1.000,49.800
toluca,mexican primera division torneo apertura,168.000,170.000,1.400,1.200,49.700
santos laguna,mexican primera division torneo apertura,169.000,171.000,1.500,1.400,49.700
aston villa,english league championship,170.000,165.000,1.300,1.100,49.600
velez sarsfield,argentina primera division,171.000,172.000,1.300,1.100,49.600
amiens,french ligue 1,172.000,173.000,1.200,1.000,49.600
djurgardens if,swedish allsvenskan,173.000,229.000,1.400,1.200,49.600
huddersfield town,barclays premier league,174.000,175.000,1.200,1.000,49.200
swansea city,barclays premier league,175.000,176.000,1.300,1.100,49.200
fc luzern,swiss raiffeisen super league,176.000,178.000,1.400,1.300,49.000
real valladolid,spanish segunda division,177.000,174.000,1.500,1.400,48.700
fluminense,brasileiro srie a,178.000,189.000,1.300,1.200,48.600
club amrica,mexican primera division torneo apertura,179.000,180.000,1.300,1.200,48.500
fc zurich,swiss raiffeisen super league,180.000,181.000,1.500,1.300,48.500
fc sion,swiss raiffeisen super league,181.000,182.000,1.600,1.400,48.500
colon santa fe,argentina primera division,182.000,183.000,1.100,1.000,48.400
sk brann,norwegian tippeligaen,183.000,215.000,1.400,1.200,48.300
rayo vallecano,spanish segunda division,184.000,190.000,1.500,1.400,48.300
hapoel be'er,uefa europa league,185.000,184.000,1.400,1.200,48.300
cardiff city,english league championship,186.000,185.000,1.300,1.200,48.300
vasco da gama,brasileiro srie a,187.000,161.000,1.300,1.100,48.300
san lorenzo,argentina primera division,188.000,186.000,1.100,1.000,48.200
cruz azul,mexican primera division torneo apertura,189.000,187.000,1.300,1.200,48.100
cadiz,spanish segunda division,190.000,179.000,1.000,0.900,48.100
konyaspor,turkish turkcell super lig,191.000,188.000,1.200,1.100,48.000
caen,french ligue 1,192.000,191.000,1.200,1.100,47.900
holstein kiel,german 2. bundesliga,193.000,193.000,1.500,1.400,47.800
atltico paranaense,brasileiro srie a,194.000,194.000,1.200,1.100,47.700
huracn,argentina primera division,195.000,195.000,1.300,1.200,47.500
parma,italy serie b,196.000,197.000,1.100,1.000,47.400
malmo ff,swedish allsvenskan,197.000,177.000,1.400,1.400,47.300
amkar perm,russian premier liga,198.000,198.000,1.000,0.900,47.300
stersunds fk,swedish allsvenskan,199.000,214.000,1.400,1.400,47.100
benevento,italy serie a,200.000,199.000,1.400,1.400,46.900
maccabi tel-aviv,uefa europa league,201.000,200.000,1.300,1.200,46.900
belgrano cordoba,argentina primera division,202.000,201.000,1.200,1.100,46.900
1. fc nrnberg,german 2. bundesliga,203.000,202.000,1.400,1.300,46.800
brentford,english league championship,204.000,203.000,1.300,1.300,46.800
santos,brasileiro srie a,205.000,192.000,1.200,1.200,46.800
argentinos juniors,argentina primera division,206.000,204.000,1.100,1.100,46.700
estudiantes,argentina primera division,207.000,205.000,1.000,1.000,46.700
troyes,french ligue 1,208.000,206.000,1.200,1.200,46.600
alanyaspor,turkish turkcell super lig,209.000,207.000,1.600,1.600,46.400
baha,brasileiro srie a,210.000,225.000,1.200,1.200,46.100
ifk norrkoping,swedish allsvenskan,211.000,242.000,1.500,1.500,45.900
sport recife,brasileiro srie a,212.000,235.000,1.300,1.300,45.900
le havre,french ligue 2,213.000,210.000,1.100,1.100,45.600
tijuana,mexican primera division torneo apertura,214.000,211.000,1.200,1.200,45.400
vtoria,brasileiro srie a,215.000,209.000,1.400,1.400,45.400
fc ingolstadt 04,german 2. bundesliga,216.000,212.000,1.400,1.400,45.300
tenerife,spanish segunda division,217.000,221.000,1.300,1.300,45.300
banfield,argentina primera division,218.000,216.000,1.000,1.000,44.900
middlesbrough,english league championship,219.000,217.000,1.200,1.200,44.800
necaxa,mexican primera division torneo apertura,220.000,218.000,1.200,1.200,44.800
numancia,spanish segunda division,221.000,196.000,1.100,1.100,44.800
rio ave,portuguese liga,222.000,219.000,1.100,1.100,44.800
guimaraes,portuguese liga,223.000,220.000,1.300,1.300,44.600
rangers,scottish premiership,224.000,222.000,1.700,1.800,44.400
palermo,italy serie b,225.000,223.000,1.100,1.200,44.400
fc zorya luhansk,uefa europa league,226.000,224.000,1.200,1.200,44.400
chapecoense af,brasileiro srie a,227.000,234.000,1.200,1.300,44.200
bk hacken,swedish allsvenskan,228.000,208.000,1.300,1.300,44.100
sv zulte waregem,uefa europa league,229.000,226.000,1.500,1.600,44.100
1. fc union berlin,german 2. bundesliga,230.000,227.000,1.300,1.400,44.100
tigre,argentina primera division,231.000,228.000,1.200,1.200,44.000
fc utrecht,dutch eredivisie,232.000,230.000,1.600,1.700,43.900
metz,french ligue 1,233.000,232.000,1.300,1.400,43.700
botafogo,brasileiro srie a,234.000,231.000,1.200,1.200,43.600
chaves,portuguese liga,235.000,233.000,1.400,1.500,43.500
cordoba,spanish segunda division,236.000,258.000,1.400,1.500,43.500
new york red bulls,major league soccer,237.000,213.000,1.400,1.500,43.400
akhisar belediye,turkish turkcell super lig,238.000,236.000,1.300,1.400,43.400
portimonense,portuguese liga,239.000,237.000,1.500,1.600,43.400
millwall,english league championship,240.000,238.000,1.200,1.300,43.300
coritiba,brasileiro srie a,241.000,239.000,1.200,1.300,43.200
ad alcorcon,spanish segunda division,242.000,248.000,0.900,0.900,43.100
arminia bielefeld,german 2. bundesliga,243.000,240.000,1.300,1.400,43.000
atlanta united fc,major league soccer,244.000,243.000,1.300,1.500,42.800
atltico tucumn,argentina primera division,245.000,244.000,1.100,1.200,42.700
anzhi makhachkala,russian premier liga,246.000,246.000,1.300,1.400,42.500
brest,french ligue 2,247.000,247.000,1.200,1.300,42.500
hammarby,swedish allsvenskan,248.000,245.000,1.500,1.600,42.500
bate borisov,uefa europa league,249.000,249.000,1.300,1.400,42.300
clermont foot,french ligue 2,250.000,250.000,1.200,1.300,42.200
ankaraspor,turkish turkcell super lig,251.000,251.000,1.400,1.500,42.200
pachuca,mexican primera division torneo apertura,252.000,252.000,1.300,1.500,42.200
sv darmstadt 98,german 2. bundesliga,253.000,253.000,1.200,1.400,42.200
preston north end,english league championship,254.000,254.000,1.100,1.300,42.100
fc groningen,dutch eredivisie,255.000,255.000,1.300,1.500,42.000
sheffield united,english league championship,256.000,257.000,1.200,1.300,41.800
boavista,portuguese liga,257.000,259.000,1.000,1.200,41.700
newell's old boys,argentina primera division,258.000,260.000,1.000,1.100,41.700
sivasspor,turkish turkcell super lig,259.000,261.000,1.300,1.500,41.600
reus deportiu,spanish segunda division,260.000,241.000,0.800,0.900,41.300
nk maribor,uefa champions league,261.000,262.000,1.400,1.700,41.200
fk austria vienna,austrian t-mobile bundesliga,262.000,366.000,1.400,1.600,41.100
sv mattersburg,austrian t-mobile bundesliga,263.000,277.000,1.300,1.600,41.000
belenenses,portuguese liga,264.000,263.000,1.100,1.300,40.900
lanus,argentina primera division,265.000,264.000,1.000,1.100,40.900
frosinone,italy serie b,266.000,266.000,1.100,1.300,40.900
hibernian,scottish premiership,267.000,267.000,1.400,1.700,40.700
atltico goianiense,brasileiro srie a,268.000,268.000,1.100,1.300,40.600
gimnasia la plata,argentina primera division,269.000,269.000,1.100,1.300,40.600
fortuna dsseldorf,german 2. bundesliga,270.000,270.000,1.300,1.600,40.500
goztepe,turkish turkcell super lig,271.000,272.000,1.100,1.400,40.300
zln,uefa europa league,272.000,273.000,1.100,1.300,40.300
fk qarabag,uefa champions league,273.000,275.000,1.200,1.400,40.300
aberdeen,scottish premiership,274.000,276.000,1.100,1.300,40.200
ac ajaccio,french ligue 2,275.000,279.000,1.200,1.400,40.200
real oviedo,spanish segunda division,276.000,256.000,1.100,1.300,40.000
hull city,english league championship,277.000,280.000,1.300,1.600,40.000
san martin san juan,argentina primera division,278.000,281.000,1.100,1.300,40.000
derby county,english league championship,279.000,282.000,1.200,1.500,39.900
morelia,mexican primera division torneo apertura,280.000,283.000,1.300,1.500,39.800
sarpsborg,norwegian tippeligaen,281.000,297.000,1.400,1.700,39.700
lask linz,austrian t-mobile bundesliga,282.000,278.000,1.200,1.400,39.600
rosario central,argentina primera division,283.000,285.000,1.200,1.400,39.500
sporting kansas city,major league soccer,284.000,265.000,1.200,1.400,39.400
toronto fc,major league soccer,285.000,271.000,1.300,1.600,39.400
almeria,spanish segunda division,286.000,284.000,0.900,1.100,39.400
lorient,french ligue 2,287.000,287.000,1.200,1.500,39.200
estoril praia,portuguese liga,288.000,288.000,1.100,1.300,39.200
yeni malatyaspor,turkish turkcell super lig,289.000,289.000,1.000,1.300,39.100
tondela,portuguese liga,290.000,290.000,1.200,1.500,39.100
bari,italy serie b,291.000,291.000,1.000,1.300,39.000
msv duisburg,german 2. bundesliga,292.000,292.000,1.300,1.600,38.900
new york city fc,major league soccer,293.000,274.000,1.300,1.700,38.900
ponte preta,brasileiro srie a,294.000,293.000,1.100,1.300,38.900
granada,spanish segunda division,295.000,296.000,1.200,1.400,38.900
fc sheriff tiraspol,uefa europa league,296.000,294.000,1.100,1.400,38.900
puebla,mexican primera division torneo apertura,297.000,295.000,1.200,1.500,38.800
ava,brasileiro srie a,298.000,298.000,1.100,1.400,38.500
feirense,portuguese liga,299.000,299.000,1.000,1.300,38.400
len,mexican primera division torneo apertura,300.000,300.000,1.300,1.700,38.300
vfl bochum,german 2. bundesliga,301.000,301.000,1.100,1.500,38.300
maritimo,portuguese liga,302.000,302.000,1.100,1.400,38.300
willem ii,dutch eredivisie,303.000,303.000,1.400,1.800,38.200
fc barcelona ii,spanish segunda division,304.000,313.000,1.200,1.600,38.100
cittadella,italy serie b,305.000,304.000,1.100,1.400,38.100
f.b.c unione venezia,italy serie b,306.000,305.000,1.100,1.400,38.100
verona,italy serie a,307.000,306.000,1.200,1.500,37.800
heerenveen,dutch eredivisie,308.000,307.000,1.300,1.700,37.700
atlas,mexican primera division torneo apertura,309.000,308.000,1.100,1.400,37.700
paris fc,french ligue 2,310.000,311.000,0.900,1.200,37.500
gimnstic tarragona,spanish segunda division,311.000,347.000,1.000,1.300,37.500
vitoria setubal,portuguese liga,312.000,312.000,1.100,1.500,37.500
columbus crew,major league soccer,313.000,328.000,1.000,1.400,37.400
portland timbers,major league soccer,314.000,322.000,1.300,1.700,37.200
apollon limassol,uefa europa league,315.000,314.000,1.100,1.400,37.200
dynamo dresden,german 2. bundesliga,316.000,315.000,1.100,1.500,37.200
jahn regensburg,german 2. bundesliga,317.000,316.000,1.300,1.700,37.200
guadalajara,mexican primera division torneo apertura,318.000,317.000,1.100,1.400,37.200
antalyaspor,turkish turkcell super lig,319.000,318.000,1.200,1.500,37.200
bursaspor,turkish turkcell super lig,320.000,319.000,1.100,1.400,37.100
grasshoppers zrich,swiss raiffeisen super league,321.000,320.000,1.100,1.400,37.100
bristol city,english league championship,322.000,323.000,1.200,1.600,36.900
paran,brasileiro srie a,323.000,321.000,1.000,1.400,36.900
thun,swiss raiffeisen super league,324.000,324.000,1.300,1.800,36.900
desportivo aves,portuguese liga,325.000,325.000,1.100,1.400,36.900
cesena,italy serie b,326.000,326.000,1.000,1.300,36.700
perugia,italy serie b,327.000,327.000,1.200,1.600,36.600
foggia,italy serie b,328.000,329.000,1.200,1.700,36.400
amrica mineiro,brasileiro srie a,329.000,309.000,1.000,1.400,36.400
fc st. pauli,german 2. bundesliga,330.000,330.000,1.100,1.500,36.400
fc lugano,swiss raiffeisen super league,331.000,331.000,1.100,1.500,36.400
molde,norwegian tippeligaen,332.000,333.000,1.200,1.600,36.200
ado den haag,dutch eredivisie,333.000,334.000,1.300,1.800,36.200
patronato,argentina primera division,334.000,336.000,0.900,1.300,36.000
1. fc heidenheim 1846,german 2. bundesliga,335.000,337.000,1.200,1.600,36.000
fc trenkwalder admira,austrian t-mobile bundesliga,336.000,286.000,1.400,1.900,36.000
pacos ferreira,portuguese liga,337.000,338.000,1.000,1.400,36.000
cear,brasileiro srie a,338.000,310.000,1.000,1.400,35.900
sv sandhausen,german 2. bundesliga,339.000,339.000,0.900,1.300,35.800
lobos de la buap,mexican primera division torneo apertura,340.000,340.000,1.200,1.600,35.700
albacete,spanish segunda division,341.000,341.000,0.900,1.300,35.600
pumas unam,mexican primera division torneo apertura,342.000,344.000,1.200,1.700,35.400
vardar,uefa europa league,343.000,345.000,1.200,1.700,35.400
genclerbirligi,turkish turkcell super lig,344.000,346.000,1.000,1.400,35.300
sheffield wednesday,english league championship,345.000,348.000,1.200,1.600,35.200
birmingham,english league championship,346.000,349.000,1.100,1.600,35.000
cultural leonesa,spanish segunda division,347.000,371.000,1.300,1.800,34.900
los angeles fc,major league soccer,348.000,342.000,1.200,1.800,34.800
houston dynamo,major league soccer,349.000,362.000,1.300,1.800,34.800
seattle sounders fc,major league soccer,350.000,335.000,1.000,1.400,34.700
moreirense,portuguese liga,351.000,350.000,0.900,1.400,34.700
queens park rangers,english league championship,352.000,351.000,1.200,1.700,34.600
eintracht braunschweig,german 2. bundesliga,353.000,352.000,1.000,1.500,34.500
norwich city,english league championship,354.000,353.000,1.100,1.600,34.500
temperley,argentina primera division,355.000,354.000,1.000,1.500,34.400
quertaro,mexican primera division torneo apertura,356.000,356.000,0.900,1.400,34.200
arsenal sarandi,argentina primera division,357.000,357.000,0.900,1.400,34.100
1. fc kaiserslautern,german 2. bundesliga,358.000,358.000,1.200,1.700,34.000
kristiansund bk,norwegian tippeligaen,359.000,372.000,1.200,1.800,33.800
skenderbeu korce,uefa europa league,360.000,359.000,1.100,1.600,33.800
spvgg greuther frth,german 2. bundesliga,361.000,360.000,1.000,1.500,33.800
nac,dutch eredivisie,362.000,361.000,1.100,1.700,33.800
st gallen,swiss raiffeisen super league,363.000,363.000,1.400,2.100,33.700
kayserispor,turkish turkcell super lig,364.000,364.000,1.200,1.800,33.500
haugesund,norwegian tippeligaen,365.000,368.000,1.100,1.600,33.500
tromso,norwegian tippeligaen,366.000,355.000,1.100,1.700,33.400
lausanne sports,swiss raiffeisen super league,367.000,367.000,1.100,1.700,33.300
lugo,spanish segunda division,368.000,369.000,0.800,1.300,33.200
orebro sk,swedish allsvenskan,369.000,365.000,1.100,1.700,33.100
if elfsborg,swedish allsvenskan,370.000,392.000,1.200,1.800,33.000
chateauroux,french ligue 2,371.000,370.000,0.900,1.500,33.000
philadelphia union,major league soccer,372.000,385.000,1.000,1.600,32.600
fc dallas,major league soccer,373.000,390.000,1.100,1.700,32.500
ifk goteborg,swedish allsvenskan,374.000,332.000,1.100,1.700,32.400
heracles,dutch eredivisie,375.000,373.000,1.300,2.000,32.300
leeds united,english league championship,376.000,374.000,1.000,1.600,32.200
stromsgodset,norwegian tippeligaen,377.000,381.000,1.100,1.800,32.000
chacarita juniors,argentina primera division,378.000,375.000,1.000,1.600,31.800
nottingham forest,english league championship,379.000,376.000,1.000,1.600,31.800
spezia,italy serie b,380.000,377.000,0.800,1.400,31.800
lens,french ligue 2,381.000,378.000,1.000,1.600,31.700
roda jc,dutch eredivisie,382.000,379.000,1.300,2.000,31.400
kalmar ff,swedish allsvenskan,383.000,382.000,0.900,1.500,31.100
auxerre,french ligue 2,384.000,384.000,1.100,1.800,31.100
valerenga,norwegian tippeligaen,385.000,387.000,1.100,1.800,31.000
ranheim,norwegian tippeligaen,386.000,343.000,1.200,2.000,30.900
erzgebirge aue,german 2. bundesliga,387.000,386.000,0.900,1.600,30.900
gif sundsvall,swedish allsvenskan,388.000,399.000,1.100,1.800,30.800
veracruz,mexican primera division torneo apertura,389.000,388.000,0.900,1.500,30.800
ipswich town,english league championship,390.000,389.000,0.900,1.600,30.700
los angeles galaxy,major league soccer,391.000,383.000,1.100,1.800,30.600
kilmarnock,scottish premiership,392.000,391.000,0.900,1.600,30.200
cremonese,italy serie b,393.000,393.000,0.800,1.500,30.200
sunderland,english league championship,394.000,395.000,1.100,1.900,30.100
odd bk,norwegian tippeligaen,395.000,380.000,1.000,1.700,30.000
orlando city sc,major league soccer,396.000,394.000,1.100,1.900,29.800
chicago fire,major league soccer,397.000,397.000,1.100,1.900,29.300
fc tosno,russian premier liga,398.000,398.000,1.000,1.700,29.100
excelsior,dutch eredivisie,399.000,400.000,1.100,1.900,28.700
barnsley,english league championship,400.000,401.000,1.000,1.800,28.700
niort,french ligue 2,401.000,402.000,1.100,1.900,28.500
olimpo,argentina primera division,402.000,403.000,0.900,1.600,28.400
new england revolution,major league soccer,403.000,396.000,1.100,1.900,28.400
salernitana,italy serie b,404.000,405.000,0.800,1.600,27.900
hearts,scottish premiership,405.000,406.000,0.700,1.500,27.900
us pescara,italy serie b,406.000,407.000,0.900,1.600,27.800
wolfsberger ac,austrian t-mobile bundesliga,407.000,404.000,0.900,1.600,27.800
sochaux,french ligue 2,408.000,408.000,1.000,1.800,27.800
dc united,major league soccer,409.000,412.000,1.000,1.900,27.700
as nancy lorraine,french ligue 2,410.000,409.000,0.800,1.600,27.700
sogndal,norwegian tippeligaen,411.000,411.000,1.000,1.900,27.200
brescia,italy serie b,412.000,413.000,0.800,1.600,27.100
halmstads bk,swedish allsvenskan,413.000,414.000,0.900,1.700,27.100
cashpoint sc rheindorf altach,austrian t-mobile bundesliga,414.000,410.000,0.800,1.600,26.900
ascoli,italy serie b,415.000,419.000,0.700,1.500,26.900
burton albion,english league championship,416.000,416.000,0.900,1.800,26.800
valenciennes,french ligue 2,417.000,417.000,1.100,2.000,26.800
bolton,english league championship,418.000,418.000,0.900,1.800,26.600
virtus entella,italy serie b,419.000,415.000,0.600,1.300,26.600
real salt lake,major league soccer,420.000,431.000,1.000,2.000,26.500
sevilla atletico,spanish segunda division,421.000,436.000,0.800,1.700,26.400
novara,italy serie b,422.000,421.000,0.700,1.500,26.400
aalesund,norwegian tippeligaen,423.000,422.000,1.100,2.100,26.300
avellino,italy serie b,424.000,423.000,0.800,1.600,26.300
orlans,french ligue 2,425.000,424.000,1.000,2.000,26.200
vancouver whitecaps,major league soccer,426.000,433.000,1.000,1.900,26.200
fc twente,dutch eredivisie,427.000,425.000,1.000,1.900,26.100
ternana,italy serie b,428.000,426.000,1.100,2.200,26.000
jonkopings sodra if,swedish allsvenskan,429.000,427.000,0.800,1.600,25.800
lillestrom,norwegian tippeligaen,430.000,420.000,0.900,1.800,25.700
us quevilly,french ligue 2,431.000,428.000,1.000,2.000,25.700
pec zwolle,dutch eredivisie,432.000,429.000,1.000,2.000,25.600
bodo/glimt,norwegian tippeligaen,433.000,451.000,0.800,1.700,25.400
carpi,italy serie b,434.000,430.000,0.500,1.300,25.300
la hoya lorca,spanish segunda division,435.000,435.000,0.900,1.900,25.200
stabaek,norwegian tippeligaen,436.000,434.000,1.000,2.000,25.000
montreal impact,major league soccer,437.000,432.000,0.900,2.000,24.600
reading,english league championship,438.000,437.000,0.900,1.900,24.200
energiya khabarovsk,russian premier liga,439.000,438.000,0.800,1.700,24.000
st. plten,austrian t-mobile bundesliga,440.000,449.000,0.900,1.900,23.700
san jose earthquakes,major league soccer,441.000,440.000,0.900,2.000,23.100
st johnstone,scottish premiership,442.000,442.000,0.800,1.800,22.600
dalkurd ff,swedish allsvenskan,443.000,441.000,0.900,2.100,22.400
vvv venlo,dutch eredivisie,444.000,443.000,0.800,1.900,22.400
viking fk,norwegian tippeligaen,445.000,444.000,0.900,2.100,22.100
tours,french ligue 2,446.000,445.000,0.900,2.100,22.100
colorado rapids,major league soccer,447.000,447.000,0.800,1.900,22.100
pro vercelli,italy serie b,448.000,446.000,0.800,2.000,22.000
ik sirius,swedish allsvenskan,449.000,439.000,1.000,2.300,21.700
trelleborgs ff,swedish allsvenskan,450.000,450.000,0.700,1.900,21.500
gfc ajaccio,french ligue 2,451.000,448.000,0.800,2.000,21.400
minnesota united fc,major league soccer,452.000,452.000,0.800,2.100,21.200
vasby united,swedish allsvenskan,453.000,453.000,0.700,2.000,20.000
sparta,dutch eredivisie,454.000,454.000,1.000,2.500,19.700
motherwell,scottish premiership,455.000,455.000,0.600,1.800,19.400
ross county,scottish premiership,456.000,456.000,0.700,2.000,17.800
bourg-peronnas,french ligue 2,457.000,457.000,1.000,2.600,17.800
hamilton academical,scottish premiership,458.000,458.000,0.700,2.200,15.700
brommapojkarna,swedish allsvenskan,459.000,459.000,0.600,2.100,15.400
sandefjord,norwegian tippeligaen,460.000,460.000,0.600,2.300,14.700
dundee,scottish premiership,461.000,461.000,0.500,2.000,13.900
ik start,norwegian tippeligaen,462.000,462.000,0.500,2.300,11.500
partick thistle,scottish premiership,463.000,463.000,0.300,2.000,11.200
karabkspor,turkish turkcell super lig,464.000,464.000,0.500,2.500,11.100
